segment_id,time_to_eruption
1000213997,14713713
100023368,28773314
1000488999,27594160
1001028887,25416649
1001857862,21440273
1003310246,31290608
1003545497,36082682
1004288653,23120192
10044968,13613132
1005166812,25502590
1005502784,20815994
1005767712,15719335
1005985933,23364400
1006013726,36592167
1006026494,22894953
1006540019,12650794
1007067208,34413625
1007233480,19252256
100741545,35339634
100781580,4158003
1008031106,40558138
1008453141,11988209
1008467020,26233297
1008990702,23306668
100924436,22021597
1009570124,13882931
1010782837,29545710
101092507,23058495
1010943716,22698028
1011004896,22388293
101110196,13505212
1011275894,26662692
1013422575,15693299
1013765862,9754562
1014679633,32118108
1016115878,37117416
1016184206,20660317
1017230048,23871277
1017425206,27533186
101767110,28108577
1017793579,10871620
1018339787,13814370
1018415836,25311974
1018835959,24924108
1019822001,15971857
1020904533,48502013
1021766991,33941272
1022303057,25723235
1022564826,7522400
1022792201,46573223
1022920538,1451623
102293055,45358260
1023129837,36247843
1023178939,4391118
1024202315,39152299
1025034217,35686746
1025592404,17166767
1026104909,29612886
1026215164,15566397
1026330044,27308022
1026893635,37391811
1027015334,25181982
1027196270,27160304
1027492850,31590419
1028291376,21232277
1028734549,8222012
1028909050,30393818
1028936480,4320162
1030142029,22405583
1030502977,18788714
1031020617,15187635
1031159375,34319993
1031162177,34847843
103255324,34531668
1033010545,22762515
1033712814,28244709
1034145574,14978419
1034149150,40307142
1034495604,18214511
1034575439,15971527
1034661081,28281085
1036359163,28530311
1036419067,24911582
1037409111,34817627
1037457727,42912347
1037866071,24207522
1037870582,35467158
1038229705,-2660184
1038561162,24495963
1038795212,36518440
1039022988,22621470
1039467390,24180276
1040926190,37428059
1041238096,13175632
1042404145,32261539
1042683102,22310808
1042872766,10034234
1042966293,34942426
1044132676,30203861
1044145499,20547390
1044572708,23503271
1044918875,37697549
1044919243,18135166
1045961446,11718534
1046125885,28050111
1046298092,19814848
1047440176,30590572
1047553323,17052654
1048071171,38047236
1049029417,17366738
1049179883,33460857
1049458669,27106877
1049490456,22695982
1049718151,5640520
10500324,24551880
1051297459,23385166
1051723909,30016332
1052096870,20914314
105231979,9154831
1052598935,25809427
1053288769,37771987
1053506000,13667967
1053709012,16567584
1054155456,9571117
1054183033,12507133
1055110288,27873615
1055280734,17141598
1055292020,22419238
105565188,15584871
1055715186,32317841
1056283823,33955275
1057143322,24493596
1057565195,43297189
1057891675,34012177
1058184184,31787625
1058754098,21520847
1058988926,35871462
1060658700,7792967
1060731119,37815843
1060942736,15826076
1060953646,29484793
1061777512,39750798
1063352576,22887134
1063492083,22580750
1064227773,39069414
1065071029,40321129
1065179054,22227079
106530242,13903046
106558646,1160452
106685184,21601386
1066858964,37964826
106705133,4904581
1067398856,4849321
1067885278,28530821
1067970,24915994
1068098496,38889244
1068298311,11989157
1068515581,31333158
1069211376,44812212
1071550768,25963481
1071673479,3194563
1071727846,14521516
1072278088,20259893
1072995306,10008365
1074297431,28560569
1074331622,23905881
107456883,17155354
1074855139,15102003
1075283470,33720548
1075411242,26042645
1075732342,36698193
1076096350,17421769
107666202,32022419
1077472023,35238366
1079683965,6382816
1079951835,29376383
1080323153,27349490
1080844241,34176176
108203668,42164369
108213146,28460975
1082262945,19901434
1082864378,24268752
1083707533,28637201
108403661,4068439
1084397983,26130710
1084431292,34080069
1084581069,20910913
1085038607,8659398
1085084497,36280511
1085229280,16277790
1085510648,46196565
1085881951,21330966
1085882007,21780217
1085910515,16588205
108610409,18543012
1086569026,15397127
1086820883,17361722
1086962283,20090453
1087163936,20446844
108734762,15732123
1087612350,19374828
1087681649,25731469
1088360907,18049071
108885370,25079385
1088867007,22508568
1089106361,32812376
1089622428,29387050
1089767427,31508979
108980580,26308469
1091470526,23286619
1091631666,24046496
1091745945,5681520
1092124990,14348716
1092555354,36582977
109341864,22981684
1094588886,24953127
1094824382,29660595
1095039261,25554701
1095263306,26026396
1096077505,21920635
1096565436,14951882
10968059,36234739
1097472544,38936639
109822679,11963593
1099056611,21256462
1099388776,2945805
1099472249,19560559
1099564840,18446572
1100048277,22543404
1100276687,9256833
1100541264,4933491
110077966,23889161
1101672261,31333729
1102273593,36328802
1102402906,11705278
1102541950,19002669
1102809614,28317519
1102814669,21370179
1103082804,34105377
1103286910,15026752
1103368940,36647185
110350278,18922509
1103540935,6698289
110368744,2323216
1104014396,2799116
110406323,28263888
1105331011,27564444
1105982863,11893451
1106241100,23184875
1106563471,26474830
1107289052,34250672
1107461160,29641197
110836519,22445525
1108430240,40913819
110897870,32288753
1110364836,23753115
1111519643,32187167
1112589641,34174138
1112725405,21466293
1114166998,16142282
1115292010,26598502
1116004069,41649318
1116487834,18780458
1117004656,19469918
1117136867,23859895
1117195616,36831586
1117947416,24972244
1118238925,16474167
111846917,35853995
1118482512,15214747
1118815295,12947845
1118878688,7264860
1119261733,22641059
1119530134,25310866
1119629515,16274793
1120000702,21698279
112044852,44258207
1121880142,26200786
1122235886,38035431
1122555066,21961710
1122574109,11361832
1123664964,37159036
1124294151,10619470
1125699550,23780257
1126221533,28855671
1126641381,25589780
1126757306,20865306
1126796520,17764945
1126811259,26074354
1127832368,23728259
1128226922,9487391
1128498225,24687975
1129027163,31201714
1129221340,26405507
1130257145,21707647
1130720014,30278849
1131027065,4691342
1131427620,32309440
1131523873,26655637
1132295917,20741567
1132486761,30161838
1133082361,17606342
1134509383,25390778
1134521236,41952860
1134779082,8353135
1134883832,36308053
1135419607,23270066
1136836722,26197031
1138013832,12329014
113804746,17260915
1138064736,36474801
1138211675,17880439
1138486916,345436
1138681044,11214314
1138720460,26617904
1138882964,23987155
113905839,14643495
1139237569,10641612
1139538400,18494921
113967173,29402490
1140820511,33353813
1140974500,8889596
114150551,26565359
1141520169,4794230
1143001734,28799981
1143047042,14514888
1144429601,15506743
1144656675,26230783
1145920557,27094714
1145967559,25062085
1146131621,13509595
1147881605,38783463
1148019708,32661105
1148541354,9277804
1148886023,34786741
115061644,29863474
115078097,16035874
1151049976,28514418
1151284420,21878545
1151324021,20382821
1151780520,51276835
1151992282,21902309
1152013551,27227164
1152212686,9722996
115221470,26674440
1152668140,30127045
1153463658,25214675
1153586106,19384541
1154474865,37023780
1155876159,33558524
1156025460,22888097
1156133043,11636404
1156478311,12357798
1156548075,25222140
1156784512,8942837
1156966312,12096175
1157350549,26587723
1157443909,16101587
1157809969,11804769
1158664242,17737277
1159089979,8909795
1160053013,19101435
1160686668,24614972
1160906376,34331076
1161198334,19606995
1162694155,10984489
1162779364,15641020
116365849,26279551
116412859,26676349
1164570156,36715288
1164715267,45702619
1164876923,16303755
1164894495,20678967
1164972263,12899408
1165406994,18254698
1165584264,26935450
1166172413,3581755
1166895244,40641528
116714199,37622092
1167639431,24750390
1167794399,19707351
1168308277,35981859
1168445787,27517198
116873459,20610175
116932311,27335454
1169334826,11615833
1169693633,27036668
1169771634,37696730
1170310305,24847848
1170579868,4142046
1170773819,15855906
1172563804,6387816
1173152518,37125957
1173279604,29822680
1173338218,11640854
1173516975,26000568
1174872667,31449761
1175203365,25200593
1175487443,5652306
1176993573,22589969
1177210685,31939594
1177454800,33175135
117774602,26383296
1177765216,16049245
1178028129,25394995
1178264982,36527230
11785683,42304122
1178816469,23714145
1179315785,27777822
1179497817,41661651
1179944784,11921180
1179960916,17600855
1180454807,33986331
1181120822,18561230
1182519191,21340916
1182614734,17262227
118297093,23477311
1183225535,8165643
1183600513,21898578
1183713026,22765851
1184105273,20410422
1184367501,22102879
1184815546,41299667
1185025081,34919985
1185534283,21219119
1185885556,40522284
1186834536,39120025
1187497833,25539557
1188079800,32077282
1188186067,39321875
1188231063,28211670
1188467144,21306718
1189196490,23825036
1189198101,41191013
1189882633,22885651
1190040870,39193283
1190219966,29359629
1191879879,24922846
1193115461,29262622
1193187793,6665034
1194642850,21510164
1194958720,5334715
119542887,16635863
119569312,23811461
1195836508,26639966
1195892797,25066059
1196305060,24971095
1196386464,26866690
1196398313,18134135
1196810623,8627208
1196813450,25314897
1197090770,35420572
1197154274,29613736
1197328245,33185991
1197569463,11493130
1198404856,32821270
1199075201,27128460
1199480876,3264821
1200859428,30683628
1201893930,28094085
1201963444,39343540
1202160868,32139367
1202189440,25439172
1202750543,35391885
1202918770,28479165
1202937149,27343880
1203069519,42881606
120316657,29270189
1203373488,27088132
1204016583,26651202
1204128117,31006665
120454717,35755046
1204737237,2220508
1205091053,24637582
1205814686,2181683
1206024018,25803467
1206424468,29997662
1206756635,1378513
1208065896,27819777
1208252310,26797736
1208345452,27150782
1208430866,18651542
1208675647,28575843
1208691081,39178026
1208693295,8116728
120889622,25323678
1209606062,30894042
1209790776,29602619
1209871661,22420066
1210342871,19220106
1210515418,40488862
1210587430,16529095
121085860,27028769
1211230421,12870717
1212010438,22377074
1212038117,15750930
1212393638,19975892
1212871042,31141406
1213127443,16152247
1213666714,27485909
1213765725,19702653
1214044895,9533207
1214397068,15426670
1214512952,22121833
121475135,6054008
1215991037,6170410
1216072355,41153629
1216317941,16060569
1217410402,20335863
1217791119,12063833
1217958703,21627451
1218603542,43175372
121911992,34342247
1220297658,28696534
122051198,23344947
1220917059,18142475
1221258426,13770978
1221362931,21657971
1221381426,32149705
1221406995,39588988
1221742539,27737748
1222133853,18446951
1222630615,30857260
122338420,942400
1224205322,30949388
1224736611,35117713
1224847193,17715941
1225450532,30223210
1225520998,16397370
1225673768,17421506
1225840812,8928774
1226855510,11800792
1227089589,28896824
1227183385,45581217
1227712146,40045247
1227918139,33856816
1228233821,20845186
1228313403,9678681
1229009812,29536305
1229431653,31268044
1229460419,31242608
1229817590,25533948
1230316532,37713511
1230560682,34247237
1230621880,39522761
12309827,16788748
1231226440,15356424
1231697079,37563870
1231863231,5313094
1232186307,11293834
1232310261,32713384
1232747090,26738640
1233060596,20788236
123334209,42858667
1233647449,34238332
1234678578,8612350
1234833384,25048160
1235576648,23003104
1236374724,31453734
1237182936,23532947
1237264265,32024396
1237489984,32132930
1237986882,29140717
1238101011,27535622
1238654489,16722038
1239295802,18038057
1240184920,3119108
1240454739,33644893
1240523415,21977681
124066139,42341573
124328628,26932141
1243449859,12145725
1243513614,38320947
1243704000,29537469
1244408534,21214284
1244455578,34766907
1244480043,37298861
124472978,17367567
1244975691,16646027
1245849000,26942215
1245928502,15254107
1246132974,24487986
1246200476,17750677
1246951286,34336537
1247221245,6235287
12479934,24668638
1249055479,15286542
1250068289,28287218
1250716365,5291742
1251107473,23344953
1251617657,19313913
1251709691,21965049
1251949974,20681051
1252094896,18563962
1252411470,18315932
1252611069,25433908
1252816216,31470760
1253194264,15782695
125372216,27391108
1254351455,22253593
1254516631,9222242
125491337,22627678
1255059548,30511978
1255398321,28364691
1256099564,20104693
1256445965,22711149
1256468646,40306933
1256728657,2842387
1257383754,36136372
1257421212,21430907
1257915194,9516787
1260137433,4642620
1260653598,33133550
1261276830,29024649
1262162310,23651237
126243235,22693010
1262638334,16375790
126292191,8076737
1263184114,14825248
1263186436,19918379
1263652588,18474571
1264252775,36720104
1264402606,16348189
1264405485,30963120
1265147,38375762
1265410353,22684811
1265787223,26685142
1266205757,28629472
1266853094,27769696
1267527309,18663468
1267843838,27708356
1268690857,29336799
1269542859,26887934
1270927994,24140410
1271131167,21247697
1272815573,1171813
1273060998,3786950
1274209772,18124388
1274283106,22724673
1274360676,9843144
1274887758,30887938
1275399938,21586893
1275413550,20852854
127549365,18447041
1276338,26215096
127685374,2254677
1277130036,32833275
1277779429,4313726
1277997835,21094870
1279207185,28213253
1279452497,13002280
1279922883,41117891
1280326574,15357396
1281123698,35400797
1281132907,23198921
1281187412,19932529
1281617406,38441199
1281716818,1659549
1282090367,25550375
1282708307,39790668
1282984514,52269073
1283139706,31284778
128322819,14884527
1283350450,37499502
1283948299,18117422
128415011,21981192
1284551049,19942359
1284692270,23057171
128473770,2469114
128534378,31676518
1285815102,20333263
1287137774,3273874
1287599105,17992587
128760129,20567837
1288024296,31200820
1288083028,25904857
1288164725,-310840
1288235950,17378078
1289291739,27476165
1289430353,10134020
1289817070,30913950
1290135368,26745790
129024523,26942956
1290851559,43865348
1291664322,3397556
1291843132,3562611
129209722,15521223
1292224522,35445459
1292953870,29345040
1293152996,24321983
1293280118,47749848
12941029,26948882
1294349518,4294179
1294404640,25468051
1294425641,22332162
1294498545,19789113
1294967747,34425808
1295122573,21144980
1296026079,19848416
1296158394,27835742
1296378285,19265627
1296616398,22005609
1296705698,18352484
1297979214,42162764
129821472,15656141
1299169709,44546847
1299437625,27551637
1299619501,37142581
1300752555,22354212
1301030900,14051254
1301700701,29877840
1301915877,8438242
1302063280,30845808
130210548,38446090
13022798,30722129
1302388192,30522624
1302631485,37129559
1302863623,29225953
1303008801,34577101
130333675,34764166
1303545427,20318016
1304019786,21486641
1304076841,24894959
1304946705,28530876
1305851255,22820026
1305945063,22736492
1306118272,9510824
1306242007,37501321
1307673564,27468507
1308361192,7195604
1308712772,16905539
1308811067,12315807
1308854999,31082405
130896653,27404116
1309569449,11983919
1309590666,26926792
1310168063,19694130
131090356,15604984
1311553769,13876272
1311908023,7184131
1312106331,29234851
1312332530,24299010
1312603078,13659961
1312731404,33639770
1313426874,25285273
1314123130,10256502
1314512504,23242821
1315244095,27474729
1315470937,17285379
1315982675,33464715
1316186762,30153557
1316204196,24087323
1316609064,12312498
1316644727,16266279
1317306670,19510864
1317882125,21137489
1318012271,25272415
1318147806,24517851
1319168929,9320432
1319689782,6632176
1320127499,35438217
1320635088,27652211
1321225096,13043168
1321624749,2824689
1321696706,35684657
1321858818,30535929
1322512722,35938580
132297482,45016484
1323927568,10748387
1324100857,40378171
1324381186,29244822
1325213280,38851204
1325850373,21730255
1326205055,13121913
1327493309,12001031
1327774555,23100475
1328322443,2210191
1328802193,6261510
1329023921,32394493
1329259932,13161566
1329772894,32947057
1330314744,611287
1330753679,33306841
1331009800,33594670
1331215036,23306814
1331804527,24002598
1332537675,21935138
1333013176,18657955
1333323193,21859307
1333513152,41701138
1333545021,19765758
1333811033,24103303
1333992399,29445202
1334762914,12739181
1335281249,28306341
1335443111,-6528546
1335544887,14054866
1335592412,3823194
1336360883,5488783
1336389594,21760405
1336810376,22859520
1336932904,5171865
1337078502,30485697
1337120960,27955365
134044657,20032706
1340521330,22647250
1340593979,32135190
1341207041,13771244
1341714481,36902738
1342868804,16248643
1343063973,20174081
1343502374,28015494
1343567386,18125996
1343811983,28446905
1344008167,30026185
1344448641,26984190
1344586253,26845930
1344716673,-1965388
1345065235,36813589
1345245728,1743820
1345654845,25196914
134590404,23324134
1346237879,38052151
1347503350,17571731
1348208306,26630561
1349180719,24079340
1349669233,29849554
1350435525,21154236
1350879005,33712602
1351186604,26965000
1351632859,37731821
1351904166,6579843
1351961112,29869170
1351998743,17066431
1352181090,25511961
1353473193,13081568
1354044881,11535049
1355862692,5861285
1356007766,26965581
1356168880,10860388
1356327004,36927779
135642091,25406243
1356918776,17706227
135705762,24928076
135816064,24754847
1358830044,15616594
1358974205,20663462
1359002610,28592786
1359515169,25556985
1360170550,31037440
1360300646,21666543
1360326854,16806758
1360402311,33728440
1360466594,26388285
1360733521,13112721
1361016026,25649004
136155089,23628641
1362292428,22086779
1362716105,9876866
1362822131,37010494
136297561,10315333
1362989536,28049953
1363462618,20225892
1363565700,23925917
1363797837,9780550
1364983245,23619749
136533490,22905615
1365951335,24801815
1365998277,23209181
1366879861,616294
13669521,35302796
1366978345,9831466
1367860644,29914172
1368305183,25164647
1369498051,29010747
1369759542,7239004
1369958580,29649024
1370551843,27215732
1370772080,33288788
1370908966,47903831
1370980885,20405383
137125909,31718136
1371289079,26509949
1371295798,34034621
1372148138,25445114
1372668436,28334891
1372939585,26914062
1373056245,7422688
1373412871,29357139
1373525850,3837203
1373993427,15595216
1374720335,7294130
1375899592,18071995
137703328,21087737
1377072367,8068146
1377245819,22714242
1378327367,48399040
1378437661,32139507
1378554226,20406425
1378707340,29383888
1379155774,29774929
1379169508,26697699
1379539742,19778563
1379768967,31949416
1379824798,11849669
1380132238,23600640
1380260777,31197156
1380303573,31288208
1380675396,21882449
1381448451,9167518
1381499723,10469790
1381951281,22409093
1382153721,3061785
1382419218,41637783
1383201916,18271571
1383490675,30170233
1383643471,27987136
1383916122,37895611
1383943962,24151110
1384017339,39807695
1384184338,15529343
1384490774,5018986
1384646559,31240848
1385238075,4767090
1386193754,32571449
1386787318,16684419
1386819002,34513223
1387075985,31040779
1387313935,21651798
1387535498,44802296
1388113614,29403260
1388340073,18104869
1388664511,35086303
1388805125,37128536
138905402,7969726
139000518,30234928
1390844290,11714931
1391972105,12649324
1392908532,6903489
1393112843,37261132
1393113906,31072779
1393464846,33321859
139364004,24041394
1393977864,34821811
1394501149,8095130
1394944877,40040719
1395855517,21802324
1397101285,12814491
1397632023,11296934
1397934669,10634833
1398288110,29553622
1400163337,5044338
1401190092,37670573
1401260814,31635371
1401453180,32281000
1401492851,36452378
1402110978,27578618
1402939665,41434288
1403784174,18741079
1403887773,25732280
1404157831,29188385
1404653895,34520450
1404725415,3586113
1404894128,6765115
1405352188,18771682
1405357357,18163903
1406423940,26724459
1406712191,11077347
1407885779,20507833
1408309593,15363496
1408309914,26701104
1408381258,7213428
1408809043,30805878
1409034985,27457305
140908408,20818987
1409352707,12142178
1409795448,8995234
1409812663,40126779
1409819982,16910993
1409834623,25207014
1410465004,29491747
1410469104,25343546
1410622800,39502127
1411261124,29284469
1411320904,17887425
1413109088,29206870
1414827062,27273929
1415551121,25525406
1415878840,35159375
1415911189,29207703
1415947776,27116165
1415985021,16749341
1416188445,10228496
1417213302,36525237
1418151207,24994352
1418346061,25983065
1418743667,15424213
1419737241,37316640
1420713001,19581707
1420849171,34289641
1421347320,698750
1421504701,32072404
1422080351,19497971
1422189334,-2970948
1422990242,26368416
1423045565,27050306
1423495308,40903312
1424594455,28461238
1424878708,32064030
1426139538,21894957
1426419707,19072071
1428366870,31856661
1428421503,28084183
1428678345,13903559
1428779146,31610517
1428927390,9665584
1429007187,11724189
1429282372,30529465
142954907,11186714
143054339,29240574
1430680793,31320852
143086312,19707089
1430964180,27170184
1430990548,25341144
1431269886,22632236
1431785815,25771443
143218394,28172860
1432243469,27560773
1432892145,28714659
1432933730,28081536
14329699,29765792
1433376354,31491782
1433691788,42198514
1434403193,2737794
1434791325,16960349
143490047,34160064
1435121390,33648994
1435328513,26660196
1435630017,34028842
1436142023,15277514
1436482509,6026447
1436859218,12168205
1438500383,19289852
1438829721,8959957
1439043900,22222859
1439119226,15220241
1439182190,4522489
1439521782,27444448
1439676215,29351608
1440669915,16146966
1440786471,35548563
1440793807,46701965
1440936021,11329061
1441087922,27986080
144171772,29236682
1441784238,23186005
1441883863,26726921
1441922145,12663661
1442380919,33689776
1442677643,34364714
1442757180,23350373
1442977400,22705292
1443195965,33017857
1444787435,33918266
1445218225,33020928
14464594,12844127
1446997687,24960635
1447365896,35292220
1449001100,39484477
1449650059,19532224
1449737778,11238596
1450458672,21874652
1451467100,16911347
1451735209,37355199
1452361658,37790336
1452379811,10132717
1452861350,32264499
145452470,11768650
1454539032,43478436
1454574812,17790148
1454666803,30826108
1455018552,18309548
1455182484,24920562
145520060,31911397
1455356970,1563338
145715195,32522872
1458455285,32151116
1458603236,32758102
1458936125,42609568
1459243003,9643592
1459246056,24646156
1460070291,33274142
1460169620,29756762
1460569717,13946713
1461203988,25227959
1461864942,35832909
1462225246,28841463
1462703823,30696602
1462817998,19890594
1463170775,33508285
1463760928,37907772
1464067272,10839918
1464195846,30106667
1464514902,24373347
1464708932,31578479
1465034134,24341017
1465451180,38899413
1465861460,25377373
1466277585,27090753
1466336547,17869165
146639315,34495743
1466475920,27245756
1466552052,4573180
146707180,1794309
1467315489,4182459
1467504794,22005581
1467774105,3090297
1467926978,24409385
1468498855,23044647
1468756529,27542484
1468837100,31528076
1469204842,24571383
1469397484,29024928
1470490836,40414658
1471965451,19052401
147247985,15989575
1472570933,5501682
1473178642,20110688
1473251410,9218438
1473643009,31456478
1473837408,25275763
1474802,16235398
147575332,29338504
1476140509,25375449
1477932383,35613477
1478935003,6125666
1478952559,1112081
1478980435,27366210
1479056032,34564170
1479278993,31251240
1479662815,11667642
147999969,42952043
1480015090,24452612
148026391,2713998
1482745022,36810182
1483015352,15864355
148410925,9992147
1484715800,33207171
1485059126,40362862
1485202068,35756832
1485243196,29028720
1486005454,10823857
1486161499,30286945
1487039870,31829111
1487875108,31997639
1488207903,20300016
1488818130,26705471
1488897987,36283635
1489045165,19054067
1489524392,28983801
1489736180,22626290
1490288364,28585227
1490288902,7157903
1490625839,28046748
1490651570,22785911
1490897298,36325352
149171657,-1553087
1491755263,5561079
1491892661,24094910
1492918944,16171172
1493463657,24974041
1493878265,27816350
1494913704,23996253
1494979825,10917928
1495228614,32898410
1496209271,13261551
1496403230,28455854
1496431582,28226510
1496818965,24701281
1497112088,27009078
1497690655,33488220
1497910262,7516690
1498112374,32124085
1498169227,2695810
1498186855,8325619
1499101002,27650771
1499334485,31243528
1499664523,14457994
1500504787,25999681
150118880,26650107
1501373094,24600391
1501992544,24286757
1502235439,12297696
1502579060,36863893
1502922499,22708652
1503406074,11807433
1503432444,27066796
1504136393,37682183
1504335188,14625131
1505394276,23727940
1507234262,23916349
1507486833,27864389
1508068557,41143676
1508148479,21447640
150829925,24117918
1508354345,26016762
1508472508,21116903
1508618122,32157595
1508620001,28308737
1508977923,16808284
150927985,19834283
1510354639,17341563
1510914490,21989324
1510993504,21774456
1511322652,34788046
1511962884,14125535
1512838723,9917752
1512850495,42440245
151287602,7577992
1512952666,9304005
1513024405,17905372
1513150371,36733173
1513205058,31176015
1513799265,36085075
1514310552,22079699
1515153743,25003701
1515393570,36851136
1515398187,7910248
1515410962,11638059
1516521442,18400862
1516995529,29425130
151713753,27965350
1517727396,27767215
151860794,16632266
1518628,28900576
1518950329,18753427
1520168665,14516689
1520337338,41281033
1520411749,7990566
1520491105,16335236
1520792821,37278835
1521747050,12733371
1522018871,20867651
1522299531,26102345
1522696687,37373521
1523028462,26885614
1523056472,27177919
1523815176,39897112
1523816365,28450718
1524065031,45631454
1525514359,36172502
1525673866,34693910
1525718774,29434732
1525895247,32097677
1526710922,21874864
1527135891,24090397
1527754900,544840
1529987878,9177310
15300104,24060955
1531401673,29653860
1532305303,27132952
1532453604,19833998
1532574065,23777405
1532618037,9179736
1533170890,14325162
1535753001,4098335
1536013291,15034808
1536554162,32162042
153701520,28945287
1537295793,28598006
1537612792,10605027
1538419481,29858689
1538735914,27125877
1538838475,19551738
1539063785,25006666
1539077803,27277585
1539121708,34940190
1539317937,30434550
15394025,21686781
1540321364,8451340
1541403568,37374299
1541594952,34859295
154166047,34617549
1542174621,23487930
1542688402,31704526
1542854880,28015367
1543187222,3627512
1543337964,27426042
1544649896,23285177
1545376775,7779143
1545502551,12862433
1545726270,11044199
1546030151,31574641
1546335052,10895484
1546987078,29841132
1547132498,18748726
1547383980,14952283
1548275506,23413591
1548384292,41875202
1548807993,29011609
1549569005,24853750
1549752262,15455884
1549969321,33541303
1550073112,610546
15501420,24102337
1550321694,26050035
1550488966,11793740
1551124200,14093085
1551955168,35256123
1554262431,38442033
1555003570,4043091
1555358776,34234446
155607716,32025738
1556749829,25527243
1558011585,34195329
1558111862,11380168
1558388215,4703948
1559382509,-72474
1560371932,15147048
1560596813,33760536
1560979740,27576394
1561964580,7297973
1562930353,17234960
1563551205,4741002
1564077863,28615119
1564610733,38733145
1564773163,1070831
1565659681,20940049
1565917267,32738931
1566091785,26552567
156617626,15413978
1567215159,40244568
1567240868,25703794
1567987915,31388559
156923482,6306729
1569292827,21596502
1569586027,36661289
1570294420,28732098
1570996551,12650142
1571629834,22517284
1571989859,38301165
1572077556,35262689
1572313523,29848530
1573265064,25684321
1574093529,25607894
1574658840,22529544
1575193398,18514634
1575699398,664921
1575838105,21663057
1575878213,5337588
1576075401,27473196
1576476901,17687660
1576583373,22027087
1577081676,32899037
1577342554,26494775
1577749325,25785027
1578003606,32181517
1578058220,15338233
1578211263,26737593
1578389721,29661373
1580349042,30831181
1581008259,12270537
1581277867,31476057
1581661244,16689024
1581911837,41472428
1582641302,17430207
1583049009,1039417
1583469297,6705884
1583575125,22328735
1584275682,23062393
1584525412,16101275
1585175837,22360535
158600441,47264775
1586020132,23467834
1588262518,22653553
1588391099,18597505
1588680127,33542759
1589054049,21626802
1589504167,35564181
1589536656,14308748
1589815086,32041815
1589818388,7523792
1590107406,23344781
1590896438,19340772
1591270263,34062490
1591896245,17444407
1592028463,20215160
1592142915,30526761
1593073950,25039518
1593670014,19526338
1594680718,34027446
1596032191,36522438
1596975846,17553574
1597037969,32790056
159728104,11099823
1597972696,23466640
1598413478,16468454
1598640111,26975115
1599199896,30179230
1599535626,7597314
1600289088,36588612
1600786919,19700398
1601182773,26892051
1601435645,37070331
1602223918,22141115
1602905225,17481780
160304623,40299921
1603564643,1803954
1604075745,18377249
1604682698,2425389
1604827486,3018789
1604997608,2281328
1605583525,30331671
16056728,19734584
1606256479,26514624
1606735239,17634605
1607839214,5914321
1608162606,27016473
1608936559,34163123
1609335109,11480698
1609533346,33717671
1610679388,16885241
1611086980,10419269
1611412719,22809824
1611903434,39763723
1612001071,34756533
1612378786,7869999
1614449749,25989075
1615434918,39458878
1615579402,4912021
161634165,2082693
1617349975,20989415
1617513368,42144545
1618392128,31747956
1618625554,30469091
1618925523,33647231
1619163114,26821740
1619221407,12980504
1619860105,16572902
1619916038,23325596
1620285867,4129824
1620428700,20639104
1620546331,40997927
162074135,14335387
1620780544,22270755
1621385832,13093871
1621723918,38974331
1623317210,26766878
1623442846,32091051
1623956255,-430452
1623999136,28409384
1624345201,32622293
1624372288,15706464
162470245,14869451
162473826,34381811
1624946114,24525284
1625034248,29203613
162519695,24693215
1625745624,26041522
1626202772,5334137
1626915631,27260530
1627335941,22051789
1628179902,7051929
1628229717,12615107
1628413179,27743954
1629408654,24496982
1629483578,15055691
1629630320,21508155
1629689447,1782859
1629811500,25693952
1630776219,21127515
1631086595,14912434
1631468294,30451369
1631711806,37490063
1632100990,26549876
1634285282,29250498
1634326347,31630381
1634360802,28819110
1634424569,22831765
1634480723,25011384
163451209,37089568
163476947,26106875
1635784610,30545340
1636010620,27187097
1636236422,20552049
1636839556,23535345
1637566181,24543812
1639452758,153714
1639567332,3212926
1639902716,29967577
1640268888,22772671
1641830703,23490754
1641954963,16637734
1643809761,34969912
1644590740,5753750
1644658450,26904266
164485476,24608703
1644902098,22475731
1645190894,9579621
1645642446,29649918
1646024876,20965445
1646955799,16585441
164704160,6353419
1647300577,25128159
1648296438,23124795
1648696068,10148168
1648788779,34158114
1648850145,11497294
1648874386,19141248
1649389583,20622498
1649578950,26868041
1649903157,29079817
1651389423,4449012
1651583380,12759717
1651774395,39268578
1652980170,30906404
1653291955,28802538
1654870677,37740115
1655275723,18500410
1655348994,4489458
1655475911,27130782
1656259852,25738758
1656399146,15158070
1656925167,29700101
1657320721,21393016
1657929016,15668126
1657968878,32352592
1658078764,43873460
1658184508,24333986
1658596830,21847537
1659335465,22408883
1659962584,26364981
1660244527,26671462
166025874,26703451
1660602691,22226955
1660661980,41106431
1660799803,38152397
1661154530,28187512
1661430557,32960828
1661524777,23840125
1661526202,9590024
1661638929,20048711
1661763697,33266442
1662173870,28229840
1662268738,20683231
1662687419,19945770
166359850,23153389
1663794609,24714755
1664392747,13160012
1665260315,27209573
1665388352,25674332
1665430610,8833756
1665520868,26755214
1666964510,34931202
1667198396,10651675
1668010195,21794077
1668145206,26774557
1670185458,21301137
1671252065,19057263
1671609576,23357381
1672768888,39116735
1673268347,26896590
1673625048,24266110
1674295644,9848607
1675650279,32112040
1676614556,33525748
167710205,37216218
16772170,23615468
1677283833,10968222
1677800417,26646235
167894616,22925956
1679874568,23656284
1680042910,30843392
1680431277,32301025
168061802,27720901
1681004836,4973238
1681182451,33469155
1681527450,23080510
1681633280,33601918
1682023828,22238721
1682147975,23872582
1682484424,41768752
1682593981,19605879
1683132366,34750151
1683302272,22926234
1683825449,12851243
1684089827,30869030
168418573,12862804
1684326948,31705112
1684933908,29790895
1685019931,22395265
1685242429,25893163
1686360114,14999198
1686946930,29773381
1687509482,19358298
168767737,38350526
1689485714,16799768
168971389,28751670
1690036617,34359510
1690103774,11876933
1690638243,2543139
1691469020,31365466
1692142371,26969311
1693072720,37586757
1693143731,41449699
169373282,38081549
1693921711,18041102
1694030992,30816077
1694575431,10620272
1695242036,27702068
1695279540,14543993
1695338074,27153813
1695946599,12292032
1696258620,39015780
1696996524,43143882
1697079567,29426611
1697222465,6814310
1697657827,10854071
1697785095,31858943
169780169,29691919
1698542566,25739341
1699141889,20659118
1699258551,16225988
1699600971,33107416
1699815038,25244020
1699926293,17971604
1699985892,36551829
1700066296,12932443
1700782638,30786775
1701344440,32134132
170141525,22670125
170304451,22291515
170324231,15876153
1703389207,39642403
1703579897,14490774
1703761748,17394984
1705645428,36197916
1706108287,25371456
170636008,20103707
1706429174,30405907
1706429422,4948719
1706528456,23959620
1706713696,7098137
1706899314,41455650
1707876109,7893220
1708616629,13708935
171128613,21513509
1711387065,22761528
1711679486,22385804
1712287962,27458325
1713060234,25051375
1713718675,19465870
1715044834,22855624
1715364070,42295391
1715364074,36958248
1715443472,19356360
1715557437,35849611
1715687089,11517642
1715793101,6437669
1716034916,39575165
1716347823,26992184
1716526774,12971546
1716645489,11691641
1716969091,46456666
1717221114,12379003
171737219,11423733
1717415379,3104605
1717484811,14908993
1717798416,35048778
171810378,19596419
1719235086,34027214
1719245626,4236559
1719433737,18011180
1719597797,32930649
1719726780,28234253
1720208457,20647325
1720253120,22905440
1720293161,32053406
1720454415,32737363
1720670372,32941515
1720735340,27499807
172079595,21437319
1721503729,21199509
172176256,25324310
1721991763,22844492
1722509757,22285054
1722759514,13093743
1723032775,20369412
1723087216,30708587
1723127195,35243411
1723316358,35829690
1723515721,15841070
1723732316,9909058
1723776969,20845052
1724289263,34291211
1724299406,20981467
1726121040,1608716
1726323286,11699481
1726812579,28641734
1727827807,16529946
1728660440,10996411
1729926080,494292
1731066898,39995426
1731714122,39423356
1732695189,5402972
1733209033,19157307
1733596939,24485592
1733612481,19441939
1733911532,13417649
1734295674,44032947
1735813288,31950076
1735819387,16281056
173596008,8623656
1736527312,48258816
1736532886,17900544
1736854089,18754809
1736887256,19381643
173709392,24672300
1737668345,31374579
1738403576,33688897
1738764422,23750538
1739802388,24829272
1740328011,18966600
1740823378,44701515
1741209207,24707294
1741955384,29727409
1743369462,33804337
1743489729,37148258
1743555255,32674325
1743644366,10718927
1744142334,18282958
174440162,22786677
1744568592,27328791
1745740570,43329714
174632671,36841781
1746627122,21669887
174665938,39695790
1747740263,19074209
1747934768,10197891
1748740759,24931104
1748860795,25181176
1748955950,29172876
1749512862,18847586
1749998093,11405106
1750605999,25252814
1750651686,28047210
1750993698,4803700
1751148179,34172518
1751474541,27582607
1751562628,27670969
1751929672,16581185
175210054,36501081
1752203871,16745100
1752478532,24957999
1753268302,33144226
1754092095,10150276
175496162,25696171
1755540451,29841087
1755887993,31777332
1755961125,18382492
1756609825,6996607
1756765333,8254900
175688626,35225740
1757430442,14610128
1757773372,27882325
1757905171,24348544
1757957502,22943000
1757976565,22557250
1758074328,21483149
1758611649,25845340
1759099392,38149166
1759406556,21712155
1759818483,33736216
1760522040,17841711
1760560295,31643405
1760782229,32082521
1761888205,22535162
176208627,9872720
1762452214,12714014
1762520288,29094646
1762800686,12396991
1763620369,21108240
1763883518,34889226
1764135151,33371330
1764657278,25124128
1765523027,27459878
1765653499,34675211
176610965,34237566
1766443401,35633953
1766534340,36927642
1767292193,18332677
1767607190,35977060
1767609008,31926140
1768119102,30940675
1768985902,14172953
1769065012,31939539
1769298661,40155681
1769476908,26619216
1769603534,29627369
1769646417,4512784
1769799537,20514531
1770019322,21968293
1770106786,19028379
177172682,24289267
1772505459,26505299
1773683784,38954843
1773949014,8237671
1774723599,42648034
1775136122,13846261
177550234,37486493
1775647481,29964973
1775801651,27251196
1775813844,24811499
1776451314,2316682
1776691317,22375152
1776713737,17517597
1777396091,43349670
1779391530,10076709
1779689959,13803643
1780386598,16954234
1781467903,42529779
1781550495,3861538
1781647655,20263141
1781778742,39511621
1782053877,40118813
1782769219,26751459
1783227362,34101982
178388505,17988921
1783998777,40374933
1784654137,14568390
1785316234,23494099
1786190716,39581095
1786373879,29511265
1786546007,27442864
1787166170,12190973
1788115924,22428618
1788257639,24311853
1788393935,24663636
1788462973,27451092
1788475055,25822731
1789035596,18365397
1789379263,21727224
1789674628,16810671
1790237967,23930964
179172057,20600317
1791796685,21453372
1791813636,36990538
1791845986,35585089
1792156909,15848684
1792246519,32434714
1792578983,33160977
179274595,30760646
1793124953,7393864
1793159751,30286909
1793898002,32206884
1794463173,20958410
1794819627,30351626
1794934646,28112593
1795292478,12614125
1795338519,28319416
179557243,31322399
1795671462,37153045
1795904391,25961332
179602059,17874600
1796325099,21996932
1796633847,11046440
1797486117,29113995
1797680186,26478004
179779377,23001277
1798318472,37193312
1798616699,25891684
1798763550,39099633
1799121124,31499388
1799317581,9193109
1799700929,18582179
1800167155,33908676
1800755038,7968897
1801472008,30732674
1802083169,10189903
1803024456,19312685
1803649716,12882828
1804722097,17354364
1805163148,10577776
180533806,18204555
1806062532,9093024
1806978810,27769348
1807322886,27351069
180780074,31485142
1808333342,24536971
1808636333,16831772
1809434679,13142457
1809643885,28295988
1810181081,37673151
181020879,37815881
1810569276,41673067
1811138058,34624940
1811447173,23512829
1811597681,23696284
1811799403,11993789
1812243383,24570423
1812530029,28136315
18127665,23937748
1812973892,26798480
1813996452,6194732
1814163394,22660200
1814395807,28188174
1814422403,31794629
1815679485,25871086
1815898226,40370617
1816130376,22736457
181652593,23680947
1816632503,18650445
1817132723,28117609
1817257889,19282123
1818084116,19196990
1818783494,21211836
1819063548,28462069
1819304269,23289904
1820656773,13489199
1821157338,11135416
182217869,2313510
1823143377,37705179
1824108386,25648973
1824522400,31191801
1824572000,35835826
1824945831,31059199
18251110,28195684
1825538395,29431375
182597807,24808111
1826374500,38773634
182643837,15390621
1826449212,29918163
1826501432,22683886
1826711868,27304145
1828778344,22975326
1828920318,20102137
1829212447,23927046
1829317537,20705370
1830620007,31885502
1831234213,38666324
1831669972,30010837
1831684091,1344373
1831908817,31859982
1832071910,29781970
1832091009,26578398
1832426496,25408455
1833056456,27927762
1834871313,31827938
1835005464,34918702
1835067453,28982623
1835099392,18151565
1835455190,17967035
1835564874,17529773
1835654817,5979225
1836284955,37148246
1836428949,17809391
1836595133,25876006
1837119233,28961143
1838224308,2266554
1838686470,8129920
1838711796,14044067
1839299575,4267882
1839726831,6172975
1839790504,30150207
184072039,8452968
1841216352,13110799
1841261584,30436301
1841507406,21165151
1841591861,37947885
1842229161,29995421
1843093978,11608405
1843142280,13420853
1843620759,22449302
1843632563,26722341
1843833141,31988144
1844551215,13613650
1844739598,29176110
1845121712,27227525
1845769876,7622552
1846684619,28127356
1846840995,20701811
1847968967,9032220
1849119005,24688554
1849317504,27985033
1850082750,42528813
1850210479,27881841
1850591968,32275019
1851032672,16120210
1851161121,14874459
1851390140,27397916
1851898052,31002331
1852767260,23282207
1853223684,3912777
1853276328,29336560
1853859222,20353018
1854335056,13476414
1854574855,13039752
1854887250,31666635
1855064415,25289319
1855661855,27875465
185567792,23475379
1855826168,7907424
1855935175,14305188
1856167517,13924273
1856417656,33408991
18571830,24079427
1857763337,25390532
1858289655,34722902
1859064021,18490251
1859988202,34882534
1860710944,13835175
1861285891,5423925
1861660050,22000679
1862166743,23049581
1862271399,29731254
1862435137,5658478
1863453539,23243855
1863501017,38416415
1863760997,6792957
1864620519,30602385
18648159,4069640
1865504994,6403615
1865633574,20734555
1865737747,18440208
18657417,18798683
1865843606,22525522
1865913355,46354767
1866698002,18894987
1867486262,36529488
1867686081,13928482
1868044102,30571059
1868055015,47181467
1868929278,24681321
1870037465,37905582
1870454237,29756809
1870701794,25270738
1871043808,29748960
1871191112,17898964
1871968542,36288813
1872192743,15361993
1872198951,21040019
1872225344,29941641
1872804096,23846595
1873270781,7414395
1874004596,1651660
1875657758,30473255
1876671297,26958171
1876949337,16017817
1878582672,27477333
1878733954,28948519
1878896337,28812980
1878955525,35425395
1878970870,31207954
1879087982,25601236
1879296448,26846781
1880040804,6919830
1880204801,23317158
1880398218,19049901
1880583834,33584195
1880939208,21751339
1881764531,28727586
1882712565,32796190
188273373,20602127
1882911072,22057526
1882922899,26254337
1883441517,38286234
1884723388,31993866
1884798253,8392107
1884830819,13449713
1885439679,13324942
1886082746,22916351
1886132728,41294611
1886518658,28333682
1886807659,23690399
188702805,29200275
1889513659,16126783
1890758946,25864995
1891060441,27880584
1891540960,34734380
189170487,8737357
1892420880,5489189
1892458643,23519554
1892613199,24329514
1893038040,19050726
1893068646,17961319
1894753062,3441788
1895468753,16747546
1896442715,25332039
1897667816,31636156
1897950727,30824689
1898096379,43055837
1898489833,28010363
1898739617,10489988
1899472468,34979692
1899800878,15246535
1901160328,33600352
1901341944,36188715
1901451204,9353094
1901468420,14470686
1901510262,24446249
1902781091,15600993
1903117847,41054166
1903754009,19968164
1903980729,35801888
1904636663,6384311
1905116359,37231081
1905595447,11426773
1905774586,28916192
1905853958,38917643
1906018481,14499860
1906047568,31902428
1906128718,16115934
1906382584,21962946
190677969,22194039
1907774691,18192388
190780422,36763915
1909294870,21157671
1909648876,33116761
1910060762,34898069
1910316118,21550524
1914551582,1364901
1915120001,30187161
19158067,23880378
191585691,37057645
1916098264,15994245
1916256571,4080936
1916359061,30587531
1916369926,23297035
1917116333,41462376
1917179195,40207474
1917587480,20076903
191762753,30923629
1918223103,27727395
1918985323,25888891
1919474054,12233899
1919798312,27098849
1920366592,21198352
1921190791,40030643
1921235346,8264033
1921309861,7081702
192155472,3501248
1922746186,12268619
1922928795,31813192
192314279,41733744
192366411,20344738
1923797563,30115282
1924495284,20705731
1924743413,32862142
1924922539,23781152
1925239253,20481998
1925624997,23256595
1925715598,31016047
1926320424,17392334
1926480333,16878332
1927139239,41021818
192728586,27300020
192793377,26337382
1928407573,44793611
1928431667,13496776
1929164473,31463559
1929846898,22489345
19300115,28311306
1930072891,27300429
1930350882,18567489
1930910492,37648224
1931003368,25910835
1931054738,39765983
193133108,31947098
1932085211,17528595
1932357263,12816897
1932507138,20884748
1932557349,23989089
1933620335,25145798
1934275056,19659754
1934424239,14770856
1934879177,23103706
1935350799,39907885
1935360274,13058713
1935843871,31538471
1935868295,34933306
1935914168,27696580
1936195722,18502199
1936300233,21444636
1937030026,32295762
1937446779,31370242
1937507851,38575682
1937614327,32152169
193843079,25852184
1938733247,17835723
1938936784,40395839
1939361933,24141560
1940128942,17209696
1940173727,9711710
1941149175,33674505
1941203214,31012647
1941854038,22359960
1942313227,7255824
1944222041,27551411
1944298104,9809420
1944510494,6765519
1944643290,12161653
1944707401,17799221
1945751257,2933755
1945820116,29330197
1945849426,29631217
194733581,23308527
1947346004,29842069
1947956760,27268919
1948750016,16705458
194876550,27272351
1948972482,36646960
1949686553,43173462
1950701043,25923838
1951039615,4397204
195176937,25042990
1952535138,26487170
1952582653,36026600
1952721373,44255249
1952931081,41563943
1953138312,28415154
1953257627,18415756
1953598276,32509314
1954821193,5486545
1955490899,4274757
1955779485,20246340
1955898931,27166738
1957001722,13967284
1958783411,20506162
1958975304,29085689
1959174388,9755533
1959562653,37068822
1959656681,14152946
1960821874,34622137
1960993069,-402290
1961015312,22140250
1961054869,3006378
1961242037,37614044
1961478761,32751977
1962871620,37553198
1964341024,36558630
1964644389,35148349
1964692006,18857148
1965617534,23010277
1965958838,28919736
1966128483,41892776
1966946877,43744351
1967058693,12936430
1967517664,2461773
1967519993,30220966
1968247852,24845785
1968266635,28862136
1968452436,11218052
1968548956,27240652
1968713287,23524298
1968875409,38389963
1968971812,8139780
1969603655,35047153
1971078859,10688021
1971246791,23129289
1971921824,27643155
1972142054,45078840
1973374818,5641397
1974334562,20497251
1974801335,43921011
1974954382,31647290
1975499650,33586351
1976221589,31333774
1976318031,23239150
1976397923,28204095
1976411609,-39683
1976874664,3153409
1976898008,25507092
1977710580,14276450
1978175507,5776124
1978423282,14710103
1978782208,26375793
1978937101,29175301
1979414645,37599636
1979433271,25728114
1979650817,21185985
1980354448,27291254
1980852920,7884655
1980987289,15343087
1981376709,14811996
1981786043,20115808
1982000617,21763329
1982411840,28974308
1982481899,36535791
1982713983,9004476
1982715643,24659158
1983225223,24561627
1985303186,42589029
1985678764,24335479
1985693390,29824420
198638893,13857135
1986575526,28587631
198682017,24643377
1986989682,32680702
1987113732,12242900
1987229111,23492025
1987249545,30900431
198867973,40436665
1988880787,37953522
1989256535,2560877
1989353125,20058163
1990182822,21813657
1990497735,14555402
1990609571,26882001
1990820295,14185292
1992266152,14462355
1993266310,6270584
1993943486,24953894
1994199906,22837303
1994642240,21180424
1995347945,12451587
1995599794,25851134
199582827,7853151
1997083621,24468603
1997323827,22286581
1997580295,2180999
1997833316,38277763
1998334245,21008074
1998406927,34904165
1998574146,6908817
1999069755,788194
1999102785,27498483
1999108551,18925494
1999394129,33590734
2000907542,22075379
2001017606,31699267
2001460750,30274871
200158446,28888050
2002669790,9762422
2002725107,27055895
2003083584,31520492
200379470,34353754
2003893450,27862080
2004361641,38171258
2004595262,921764
2004651893,25888356
2004887431,12214259
2004954966,23263445
2005353626,32835970
2005425916,25370242
200552542,30911414
2005741062,26720207
2005994164,10188540
2006751190,35290294
2007113614,9203667
2007711771,32596234
200821018,30339647
2008705973,16555494
2008784978,10823322
2009441891,19763199
2010134997,30088087
2011752968,25041508
2012596362,14588413
2013016800,15389686
2013881454,25202094
2016157485,25700103
2016386189,21724786
2016414965,12250837
2016558091,19782100
2016646743,19560338
2017959345,35934982
2018075399,26377619
2018282296,25813596
2019811608,7970526
2020513924,2054342
2021536071,14324483
2022319185,12557316
2022459192,38161836
2022788411,9203511
2023822472,33816769
2024224666,15706562
2024244514,27928033
2025656749,22552467
2025696150,24177396
2027287755,9079310
2027331652,42451290
2027734887,27841028
2028882784,25791118
2028902471,21980816
2029017299,13468920
2029088665,22998584
2029227684,16779666
20299536,16169320
2030007913,13948447
2030187994,17492053
2031010417,22995220
2031230651,22159239
2031983776,30595841
2032023904,19388755
2032702391,19395775
2032750328,18126865
2032937707,31063695
2033966709,20122904
2035164017,34311151
2035757010,28850029
2035942736,30407210
2036013773,31799480
2036127405,31680190
2036305444,26149055
2036676417,13228662
2036796483,17841541
2037493679,7769069
203851739,32464645
2038770854,27873517
2038968981,19039826
2039291759,23137761
204024042,38932156
2040453791,13704996
204093228,3203370
2041632201,26655450
2041775030,22525760
2041930867,27583516
204307461,25178678
2043659895,28514201
2044398089,42081639
2044671025,26858906
2044757067,26741872
2045714087,24948536
2045964904,24652507
2047074908,39579528
2047191062,28877043
2047270271,15560076
2048021885,29240525
2048286171,38043078
2048730277,13405450
2048913738,8503000
2050668718,25518970
205084535,31659559
2050966683,8163041
2051308303,27797029
2051518722,13427546
2051598941,7337366
2051607850,27168753
2052139341,40858365
2052538731,13938296
2052946195,37649528
2053110098,21930584
2053632090,46204373
2053812393,23206138
20563182,32542433
2056671932,12666884
2057052426,23400357
2057869390,15092092
2058123042,22584436
2058169074,7702049
2059121348,34280233
2060217906,23027684
2060547770,38265203
206114058,27617121
2061228835,17391426
2061618436,37289628
2062250977,27984588
2062988165,30137124
2063146040,38635642
2063861368,13189698
2065079405,31527053
2065521590,13219965
2065597796,36926758
2065653890,38440083
2066915886,27718342
2068030821,26395214
2068848666,35667588
2069031822,22508057
2069090926,33362772
2069307715,5488878
2069559649,21734096
2070104123,12522616
2071148695,22548541
2071458107,28220599
2071870327,33398366
2072921427,5937512
2073110408,23102239
2073538897,19383667
2073971579,36188115
2074034074,21474573
2074392832,29976852
2075525081,29174432
207595769,26907341
2076133881,30075242
2076290808,24681121
2076549061,46896668
2077216136,22397188
2077509445,26949929
2077949382,15359966
2078036577,22153691
2078043176,8309345
2078428453,9889576
20800206,18438833
2080279159,21298152
2080997818,20597843
2082428029,32149077
2082914130,34210817
2083322756,9917573
2083987400,15762516
2084403564,18805728
2084710025,31376729
2085037926,25420945
2085313955,21856754
2086986037,12935027
2087122112,7834576
2087128303,29792190
2087137021,24575179
2087503629,16100324
2087820569,41130779
208932047,42910295
2089427669,17009198
2089933825,29087611
2089978295,17102009
2090283127,35770550
2091187701,14730156
2092330285,40952623
2093148520,48036364
2093163016,22420978
2093229209,26441374
2093261710,15331275
209390995,21058911
209395286,9858952
2094532002,13995065
2094878137,25109865
209605935,29500921
2096410643,22943409
2096934133,25455333
2097363955,12950641
2097399815,33538494
2097946538,19555568
2098049448,25220332
2098427799,34568246
2098480389,9835235
209889369,26321469
209903743,29239669
2099111512,27853380
2099188181,20761609
2100672087,22621209
2102146521,30718400
2102336886,25137526
2103302405,34315184
2103592881,30821286
2103795419,13443785
2103910969,12291151
2104068675,24146634
2104667466,26461742
2105035561,38503386
2105166580,14702910
210552520,14879690
2105636637,16283410
2106131599,31168877
210685172,11306336
2106914826,26567774
2107604690,33809668
2108323402,27261235
2108839581,19615921
2109432804,24308667
2109873524,31964247
2112104574,2397620
2112712671,32409170
2112746396,27693753
2112945760,33084000
2113185923,13851887
2113344113,16043076
2113400099,27169832
2113499371,32689228
2114226154,1978565
2114282803,9068230
2115123079,39400367
2115485339,36014098
2115694605,19378146
2117536679,32494799
2117869880,13556580
2118235342,24311270
2118374163,26637162
2118470487,25947205
211924631,32051610
2119734908,21540923
2119844876,8022008
2119870594,32879388
2120208059,27575048
2120275547,30448386
2120732368,2974924
2121286737,24104459
2121436684,2734012
2122113374,30059007
2122203860,19900932
2123713653,36597063
2124051187,23130526
2124411076,16679936
2124648555,15938620
2125347371,30105949
2126797141,18541279
2127289872,6097899
212785561,6710948
2128229102,38389620
2128285437,21973503
2128778403,36078606
2128830140,5102762
2129125521,38790342
2129284755,20681303
2129502665,5595981
2129545217,22291605
2129562725,22044050
2129875728,21353544
2130327925,4514680
2130511603,43201840
2130587677,20356859
213061410,3397263
2130827916,23632396
213110317,24861732
2131632162,4186747
2131736781,18093789
2131754884,24714836
2132603129,33815907
2133065499,21266909
2133358742,27116466
2134491125,18723463
2134500951,20225721
2134667434,16728079
2135670166,27243251
2136902826,26210891
2137958766,34787481
2138025511,25452422
2138172540,2969525
2138795995,14510697
2139164953,25829283
2139642730,8355630
2140183437,34324980
2141278333,8510095
2141431563,15068917
2141440420,23523464
2141849100,19203273
214212908,24242688
2142717124,33789360
2142887401,30450847
2143419724,10262794
2143853751,4498058
214459395,28898148
2144702563,20642423
2144912493,28982833
2144964899,16199048
2146756668,22982610
2147116061,36405500
215084015,17791160
215827094,13837004
216243427,26469677
216491360,13661794
216887177,25772734
217105233,24595291
217123235,20061084
21719361,29617492
217449897,30836040
217840681,39915538
217879036,33424960
220032891,27473312
2203910,11122284
220400107,25251016
220695695,18730558
220893709,21897114
220913104,5596789
221368463,40378902
221982579,19020994
222060785,36766590
222306454,42249713
222472066,16044021
223241301,29813049
223301576,37401076
224128981,20434125
22423732,17506723
224330402,33355079
224762240,31913226
22505344,36446923
225068536,32120902
226040799,38972022
226960329,39774330
22776154,35151999
227954890,43168572
228342942,16259134
228353829,27320398
228376287,36949698
228550928,16957076
228646509,24385507
229396475,28918535
230592569,16657375
230613655,6961531
23134859,13733266
2315391,37589925
232867375,16513802
233011478,30639776
233175247,14705754
23324947,27744688
233825937,11324922
234117472,37204045
23412637,31008409
234411602,5546017
234531101,35478993
234729512,23207383
234895771,34125418
234974159,29483346
235082246,24871536
235483384,38443278
235497814,24377903
235840868,8020724
235864010,8478897
23611228,41717848
236573262,24012609
236801440,32272188
236967152,25074699
237189175,36435829
237387316,144867
237608231,42418471
238016672,21926941
23882918,16447524
240793375,24270213
2408863,20284444
240945407,21249746
241071727,24997063
241413496,14659243
242009939,3004981
242192487,26604974
242344304,21580043
243470829,21715047
244093072,24733545
244138471,6082876
24467319,8407492
244948062,32123101
244979444,17851551
246711603,32107981
247784329,22674383
249926312,11098445
249928975,35175406
250077972,22091564
250300069,8066710
251824409,25572393
252523521,31304884
252893312,24231308
254422575,14706651
254960267,33508855
255113432,11802364
255883146,33651354
255961088,15805692
256731405,21160479
256736654,38399127
256765043,35492651
25711491,15485230
258814398,23768919
258827863,46462655
259349361,9062066
259846515,14033449
260126980,18262485
260570557,11155688
261094513,18405376
26141819,32962279
261573176,9955824
262324454,25605883
262838505,9224370
262917132,26330992
263278760,14287724
263546562,12908858
263859790,22084395
265214438,22643794
265337500,27360340
265526489,5566662
265554939,16025683
265714807,15029630
266335595,27064200
266485403,35309174
267014689,24649326
267743426,38533692
268941965,21323993
269223097,11371540
269624866,27638987
269671782,27989571
270444899,15374077
270781452,41905723
272474477,19697543
272506822,18256723
273038844,40949141
273375516,3025605
273661214,7051290
273908871,41234441
274647606,32471899
274713689,3292806
274776941,31714924
274826391,18045851
275358298,36561631
275618587,2167196
275739947,23851988
275984292,20393950
27621672,2926974
276265641,25784282
276267245,27949353
276991251,10575325
277199451,32594990
277385227,37877545
27769346,29826981
277861704,38524876
278015306,38502226
278061079,20628986
279382534,26997213
279894017,1743063
280193775,22311419
280345016,22095833
280707053,9669122
281111535,39315268
281205785,31677438
281243948,29246033
281433579,28496718
282013529,24865031
282541492,17567649
283729107,22432181
28413620,10927768
286172371,31897562
286415922,8167193
286494201,18077902
286601632,36057310
287724078,38155078
288128790,30528661
288944939,48156879
289234386,52118815
289628352,27911309
289697709,28204982
290157200,18802840
290340906,26183023
291111312,24955470
291446069,28293201
291542588,3903302
291612227,29823384
291616846,28306566
292393964,31030166
292863031,28342112
293685975,27932656
293894974,21853979
294414595,23248349
294923558,27985632
295043967,20772673
295724156,32787111
296327355,29426778
297550742,25501772
29808369,14040266
298096929,29345475
298609604,28422172
298652658,52798856
299038176,30391217
299836298,12896117
3007537,12573038
301231063,21976652
301666308,20539919
301977349,11688466
303285970,29008020
303389997,29431127
303874646,30026527
304588196,14064303
30476840,27848660
304854690,16962324
305180096,16494853
305886798,34601826
306421064,16737230
307285815,5016970
307689319,21282599
30847257,32493660
308644710,23182852
308761228,21374061
309547615,22684511
309754372,13168950
309880772,31880579
31119116,39245716
311733042,20381053
312247963,27792156
312327371,22395138
312413663,27364311
312443112,15443211
313472646,19061857
313491162,32108023
313562829,23556453
314766557,31785795
315324581,24354839
315554490,18697003
315807955,37520872
316354245,12401596
316457207,24881969
316601415,15825865
316910469,39045106
317359464,29910743
317810213,29225488
317947613,20428281
318052881,28935743
318604031,21205669
319435526,11583939
319991976,31474677
320084593,38729574
320558659,30535126
320587419,36894292
320957201,28290696
321286423,2801581
321771865,34490401
321777364,37407375
321973122,28838677
322554143,2810445
322938780,31449101
323842041,27244043
323942179,13329453
323979270,16722979
323992484,23937127
324061111,28905183
324239335,13982405
324303112,31646046
32463751,973859
325296543,30265544
326123474,38331332
327774489,35509769
328493920,19679862
328997536,11098596
329519424,19525995
329685099,34651909
329743676,28130269
329869159,37137168
330250452,31773369
330602652,27669935
331139547,25835299
331454611,10167630
331741347,39021075
332130372,11003836
332468195,14314854
332565096,40401269
332705576,4666502
333634061,34765398
334202810,27073339
33458659,40525403
334815066,30632289
334863258,16802390
335200296,21052569
33548961,27217933
335539058,36958072
335600897,14843722
335774185,32830294
335972145,27416974
336555884,35126634
337181261,30216994
338730782,31060977
339776778,29811532
340085020,20281131
341489118,11429078
34157657,36006895
342144807,26776495
342856424,38967004
343486461,21732431
343506498,22246828
343649592,45115530
34440633,26735063
344926561,19769570
345748250,27580408
346081225,12352874
346208532,31865570
346454379,27375986
346693929,24257169
346695992,13604051
34684710,29742618
347404314,24613179
348525962,25878268
348585510,36840378
348929335,24819854
349115573,28535282
349166619,7148032
349261050,13953562
349276058,22687282
349967708,2508341
350231097,24773191
350576138,41962002
350715824,40562568
351214678,28853920
351226681,41348790
351808652,33965385
352103509,27307592
352245016,14300795
352546624,14494947
352797040,29002942
353149884,35641506
353434024,18345835
355918102,25903716
356409813,35132685
3567577,13143731
357270099,42290584
357935445,35512800
360191041,17120428
36201396,11648977
362281485,23127921
362663556,16241300
362723541,6721599
362944421,27743437
363148816,21142930
363690026,13870797
364057924,17874435
364427565,14437228
365663806,22138800
36579398,26232163
36586777,32563708
36637286,21261438
366672357,6009337
366913729,11484217
366999300,31399824
368165349,32490127
368205453,16477330
36964980,15502485
370342148,30648464
37068828,24404492
372572496,29651564
372572885,24024035
373389648,11974366
373751754,28969858
374003386,10079074
374476046,23906503
374519418,27182887
374744054,32097083
375269467,30348935
375817573,22275264
375866434,36308124
376012650,32414792
376077674,26290147
37623171,1142001
376259147,39512621
37655026,15017785
37754737,32111376
378272734,15060575
378388622,47248122
379319711,21499658
3798759,22080956
380135591,10596309
380254855,17039706
38030725,27550812
38115369,27027501
381446562,29261612
382475291,2292855
38357533,25910206
383644444,22021184
384021637,29377116
384028575,17495471
384986113,26359017
385456736,22977542
385652039,32250740
385689772,11068596
386521399,20050377
386524342,19806423
387147144,13901460
387543160,21125043
388327672,9942139
388967266,24330764
389045124,42005103
389063431,22979997
389342276,28340387
389376749,8983306
389641034,48576432
389854000,10972810
390086278,42932167
390431758,18206889
390599621,29454595
39060284,31471261
391398635,26947660
391645929,20376456
391993993,25995961
392695049,38484142
394405600,33226635
395493750,31910482
395941531,25978071
396656373,29984530
396930221,29582298
397475274,29887189
397482434,29027733
397579350,31486940
398498296,26093761
39936901,16237701
399915385,29502900
400068658,9016936
400447023,28723665
401389867,22186038
401597084,36346933
402443173,14671967
402841891,28040858
40296311,23583828
403499732,29563554
403693338,24198527
403813848,8984495
404086291,15156857
40458284,12690288
405968441,39208199
405986904,29728735
40611218,21246965
406419185,44404758
407704492,8129082
408159122,8261744
40875137,19159851
408908892,52578000
409181649,27441450
410286444,35040007
410697391,28797673
412307598,3282240
412582902,28715747
412850648,22444418
412882013,31749953
412897835,4245118
413098322,28484036
413909098,37054439
414725703,22398234
41520564,22366156
4156040,29808004
415819335,32633078
416387933,32251871
416703868,13018067
417046737,22666518
417438578,33812984
41792954,23685608
41862029,18686096
419064237,28201342
41936682,26704930
419757001,26048453
419997302,15033872
420197540,8556304
420608058,20104439
420662948,28561584
420737348,31059451
420797031,23684979
421414252,26411909
42204591,34013952
422469488,22578943
422598854,36399283
422823608,28495784
423111522,-133134
423834908,34747442
423958480,30446803
424084225,43497442
424907762,25177302
425874089,966617
426342427,23770710
426515905,35554509
426734809,18814982
426755371,23452976
426759182,13885441
427233302,2752496
427417046,20051911
428377508,23562206
428449296,23722739
428961544,39023167
429014193,43979680
429876190,4129889
429922385,30309334
430788826,26535149
431032607,29701309
431246270,25145117
432161494,23780831
432451034,33959478
432604327,11540946
432642481,15625015
432656055,31033940
43266024,4999980
432852017,16488092
433294823,35872714
433726992,41374985
434814620,26495225
435280771,23559851
43542232,37857363
435601171,30017333
435625792,32017178
436194213,21554851
437787621,26139445
437879623,31168436
438037271,36793245
438510669,22998928
438855463,30376432
43945260,33950412
43954650,20168271
439649548,26681113
439840467,16952062
440200801,28462781
440277079,20544879
440622206,23378490
440954937,39787411
441554153,18002606
441985247,30861349
442262804,5286557
442566919,27728531
442785874,26529016
442897603,14374568
443271898,16083970
443729995,2052557
443801956,33276239
44433671,38468616
445030922,13348769
445201757,15174104
445697187,26985206
446325916,29428778
446460497,39801688
446829845,29606433
448582481,26973864
448717759,14649142
449337949,15462919
451389400,31310913
452872753,19140471
452952518,23794668
453062780,31313309
453279973,15095443
454111718,16306500
455169519,24816167
45549549,31906414
455763395,25850691
456111247,28615583
456530071,33975313
456760512,27347760
456824286,16466675
457158232,38031515
457367055,31592818
458107283,24106958
458245368,29463886
458424899,21240840
459168625,24774548
459297264,36173152
459658475,15475754
459754479,36847104
460246568,28931109
460662227,26935777
461189195,29850238
461654171,37115348
46207624,28584834
462147439,27592444
462215391,26063628
462370928,14734437
463095681,24667153
463951514,17598507
464120498,45585910
464221746,3738686
464739221,33774459
465855968,24639126
466609082,13560818
467241432,34885173
467395592,40658373
4678581,27354226
4681142,9006794
468969902,3519946
470147329,26231419
471089356,3286332
471141794,26786603
4715803,22084439
471640086,19728149
471819218,33437971
472000372,32856175
472001347,16067695
473253715,33745242
47395179,15448053
474717176,14267553
475951494,27722277
476130416,35828591
476418030,12897740
477514992,5255831
478406019,19586894
478693808,14094140
478819393,20694478
478877885,23401100
479589429,26734490
479924720,34477735
47997762,27664562
481161756,41234468
48241893,33898771
482610902,30227357
482835279,27037044
483544606,21310188
483673275,38592397
484087591,32549311
484209395,24728827
484959821,6212529
486320003,18631622
486521571,30881814
486582715,28710545
486870854,16469028
487089895,7101687
487738102,28438954
487872948,21743757
488216985,29865587
488543588,24992033
488745954,29813479
488957317,13927635
489905928,31442587
490232104,23524590
49077527,32922888
491051634,11445460
491383272,17727284
492124435,33934846
492503761,6278574
493266452,33675847
493626101,19109463
493998349,25860111
494013095,15534337
494508342,28520222
496852320,25721283
497129673,9736249
497424077,16639267
497484784,31940717
497525599,33291439
49764607,3424692
497759905,4956743
498224359,20985384
498658860,18012435
498752802,42898964
498982970,12274012
49898387,36590640
499839899,21707523
500109209,37240665
500619261,13216557
501063862,-1804280
501669783,29598794
501996632,38369303
502042494,38090766
502089322,28166308
503302360,24247592
503477526,27221041
503678585,26638262
50414982,29499190
504867793,12608031
505481041,19519022
505679993,32316670
505902531,37902676
50626604,9335905
50639097,6292383
506599132,12747558
506602503,27469568
506634508,39902311
50675721,1438637
508514016,33931222
509054084,12357448
510005530,37116179
510037710,30876154
51014357,38169415
510516685,18796367
510713059,33202545
510866380,20390357
511478043,35177855
511821311,14855935
512063460,26258086
512130119,26107787
51236360,21109405
512972530,5654923
513430740,28891488
513780549,21582520
513902355,12927705
514456478,20891271
514526218,33341971
514626847,24218495
515406513,36650242
515532915,23140610
51662332,5569961
516673184,22658300
516756127,12788933
516982827,25626269
517152876,-1386376
517401228,20145563
517730920,28978105
517805032,25521683
51802709,18301854
518415586,10432658
518535970,25800574
518723472,33679211
519167897,12985604
520592304,42421457
520976342,22415665
522226172,22095214
522488664,40989357
522902852,22883868
522977276,18781124
523381875,34474837
523408374,31544008
523525047,35066126
523659898,33516617
523714450,23488369
524129027,2224714
524200811,15918678
524275101,17249707
525293176,35693114
52592172,29220202
528330142,28307959
529973044,25786069
530078100,27286987
530272697,16840720
530592602,26932453
530798243,2574465
531332228,21556423
531629727,2396716
53165419,36615475
533458227,14896087
534163204,35527765
534535511,11009963
53465103,14815208
536218024,18377207
536690992,30662345
536929568,4981890
538265610,21761679
53852878,13803681
539787189,28993242
539838991,38145834
540365975,47365084
540496741,24174429
541784221,38603222
542877441,24814944
543457548,24221004
543483467,24619361
543698613,6962851
543768731,326786
544179635,7385480
544333987,15097943
544483277,35642734
544605831,20184780
544632513,31742601
545287552,24074271
545684505,16720832
545971139,14397726
546046005,23318865
546068218,22275991
546706268,32842976
546880788,5809128
547276064,22146143
547282680,25326692
547501126,19260308
547906935,24854870
548045535,15037853
54815674,34502749
548744869,17012510
548793982,5721264
548838453,41654686
549315774,2296162
549403103,39999214
549652957,21113548
55019205,32646989
55019273,7923175
550495054,34804576
550744346,29761040
551360293,13001572
551466129,11275001
551902988,21458761
552347392,29414730
552560301,8029119
553100734,25379690
553354303,10178844
553471497,35131720
553671574,16965176
553824008,14250162
554163653,21363700
554459553,30027666
554653211,43407241
554661866,29297439
554860159,20676184
554931341,33089377
555157400,23198882
55588063,12894232
556229794,8693649
556473951,26794785
556524338,1193658
556883737,43820032
556987550,8204873
557603051,30036500
557650305,32874424
557911268,1267950
558686376,28530200
559665878,20290191
56084141,18805130
562203442,30489087
562418707,7067855
562947494,27564961
563673583,6644197
564092589,25727103
564107532,28563424
564131578,16376682
56427214,22473396
565051023,28395118
566389444,10754285
566417741,28104473
566436879,11544834
566778083,31373968
567053540,31972370
567142088,1819201
56764818,30842894
56766771,33397426
56775472,26015511
567868974,20721116
569685213,27973461
569815778,3397932
570820154,27201489
571834256,13030596
572311920,21499127
572355332,24836585
573510041,28765025
573555059,20915123
573845877,16074246
573908180,32732681
574004096,35677421
574168104,34643455
574210504,35948867
574427229,29469153
574825022,28789668
574932654,25852445
575115873,23196027
575653367,41656302
576176107,25973189
577108378,36216304
577458725,26035237
577671293,44240991
577760804,32978847
57837937,13430783
578822373,29271433
578887397,35490917
578908805,31810776
578942981,20670567
580521026,11818497
582237775,41548295
582984940,24819145
58325440,35512855
58360843,8907181
583804134,12763006
584172188,25283399
5845522,31622991
584681455,29375544
584730069,24417464
584811769,11904988
585000782,12276412
58542575,15067500
585631329,26786229
585632599,38742262
585794453,19282563
586623109,35667004
587942731,34556782
589267026,24750594
589599653,37989736
590127879,26316789
59115085,23284347
591351810,10275542
591724983,20977983
591748234,33618904
593905769,32566063
595300301,26922668
595515594,40097370
595878150,28461978
595948357,25942891
596148775,29476072
596188072,34987372
596712964,19978099
596902566,19480549
597680020,31447736
59899304,18681710
599282805,16969147
599800605,4487322
599844877,32889427
600302051,39278747
601681799,30564549
601783392,34688125
602420459,28407802
602717089,34180066
602991398,19545399
603615608,28917896
604033615,11280492
605820681,17258807
606531577,15276904
606897760,13914141
60696335,5578980
607384816,34173518
607858573,24421521
608124556,3538465
608724954,27642730
608751541,32127201
608829475,5646755
609026192,24041314
609044356,27651315
609214480,18727220
609563906,29865656
610641619,3053766
610989758,25011076
611239718,13496679
612314224,26411179
612593600,29806553
613241822,29830870
613508749,43819913
613752110,30717871
614316191,21087798
614616814,30263498
615206046,27557446
615301903,24683470
615355771,9257288
615547995,25711841
615633777,41800356
616723468,31594269
617652607,5189389
617923095,23640120
618661926,5901501
619122060,16876707
619556777,32058527
619870461,28270214
62025312,14300948
620552705,12078149
620920171,18951717
621121127,33482879
62150658,41713674
622215273,2727600
62249330,30616142
622534980,33334544
622762972,20768995
622931594,41000429
623111625,19184257
623652126,1790501
624087859,26437250
624353796,24302285
62449470,2303826
625189874,33850319
625969174,35285185
626368590,39780492
6264706,26595038
62649624,30492475
626625043,20300233
62680332,33686022
627181848,32838939
627257095,35440821
627565310,18390458
627700336,30234683
628454490,30285760
628595308,7391772
629087579,23984313
629392637,24296491
629603561,33900510
629712358,13161951
630155463,10008783
630365265,36543080
630603397,18112734
630735577,34107496
630770738,28439209
630924783,33695971
631558003,12597784
631674627,6267718
632722753,18436325
633082676,6529030
633481803,15542308
633631994,16343943
633784100,21586451
634523826,30008097
635521882,34369257
635528537,33205282
63625893,8894793
636475356,24670227
636553487,14723347
636930408,29039363
63713889,28104045
637521781,15369808
637628564,25897826
638038695,20311246
638074752,27757358
638139304,41545705
639591303,3175267
640694638,31600432
64078325,29006935
641814576,23824445
642130489,32665914
64239667,32470817
642484761,32379120
643786076,2197196
645040161,25583840
645087638,17388458
645328235,27611039
645444373,35936169
645671888,23753122
645838636,16249124
645908571,24316483
646558712,31684268
64688467,35547115
647024555,27698330
647125580,6049795
64718208,11415301
647817778,29670884
647855417,10517297
648116109,6087043
648918009,20019776
649050287,39160677
649359794,19878094
649890237,19722849
650343092,11848748
650538604,35925353
650575577,35986978
652057453,19112012
652565763,28190731
652628649,25738989
652851832,11833147
653042301,36406368
654182047,36080065
654343877,24710579
654641645,31650407
654661122,34909155
654754244,5710622
654861205,28662034
655588446,15958089
656090846,24162332
656151121,5957551
656802324,15766350
657647407,25374169
657962665,6036980
658287641,16660381
658418373,34140751
658732421,3773810
659908215,23432727
659974298,13523904
660469822,11286792
661609404,22780883
662470811,21307442
662564439,13635316
663008510,28337298
663119991,43615278
663386022,13842675
663896230,34383243
663953997,20283551
664150852,30077938
665110856,15070401
665191803,8649700
66540021,1035394
666003173,34342881
666071145,13183621
666560196,37298075
667329580,7743245
667807861,22537608
667896452,18680305
668002212,31618486
668282209,24861516
668710324,43296247
669244038,26729114
669255765,33697275
670451944,18977048
670924965,28192345
670969173,20212476
671457789,14199862
67196281,22811059
672023531,17309485
672124057,16092773
673681161,29017462
673841258,16381330
674223398,26524985
675716636,7241404
676142711,24685332
676332356,17683009
676850952,25680872
677651207,15227389
677885113,6722819
679397320,40627327
679554844,12446824
680542659,20828456
681152428,12530016
681200816,25166331
681324940,33122431
681511767,32740575
682683076,28615420
683424785,16038318
683551593,34049374
683768234,23163801
683879344,22754412
683989852,25315511
684010120,33463610
684020600,30270005
684469652,28907353
684712590,3124923
684803248,32987747
68507484,30365990
685113838,29580586
685291199,20265172
685305515,29218877
685365013,30315787
685792884,37480600
686556182,-41065
686802498,6728205
686840603,33941455
687472966,11842227
687964863,11740219
688177785,5656509
688371201,35089424
689039573,45711505
689570995,37485064
690163261,22825889
690465699,20402766
690611196,25808946
690788144,22378003
691454351,23059061
691956587,35874951
692031456,34462134
692055083,37999317
692437917,21364790
692475879,7223052
692818572,39269120
69340475,35594313
695985603,38554758
696048028,17581524
696878760,23208875
697051886,12835108
69758142,16875778
698018079,11435150
698221446,36185219
698539075,31897821
698710925,12937574
69930205,30686805
69983594,19489414
700130351,6376532
700498343,13221222
700953960,13665598
701732286,16161852
701867640,21267947
701977902,22722849
702792843,18108908
704203472,19118404
70454644,11198552
704612545,34979748
704851249,50313137
704948028,30985240
705850276,3994555
70586576,13156368
706971403,30999496
707012477,5599139
707321092,29515142
707967979,13979706
708384139,19214542
708425371,38273565
709856184,31548500
709926665,8832170
710964913,5021501
711484554,33452170
711758346,4466797
71197390,26973409
712621244,13269157
712931491,17647371
713037828,24582164
714014061,25145466
714218237,26276812
714228398,8010314
714397715,33860769
714616022,13696546
714760495,29273918
715086740,9682700
715420249,12442195
715591111,17832238
715655400,20660714
716158796,38269508
716259753,17759813
717552117,30334063
718387907,43101641
719635672,25090439
719728645,17562727
720150100,36270827
720184293,17453642
720873116,16121870
721288359,22927360
721851220,21855145
722341479,31188706
722489973,34886493
722660830,40629973
723248368,26978533
723987532,48800335
724012214,25766751
724035983,25185327
724278076,37730091
724696480,2115591
724750596,32034618
72475532,30570422
724991886,12393125
72552013,26357206
726822977,23630746
726824600,28732474
726943670,25607326
727060279,5750905
727331270,16773034
72772798,27298521
728175955,18555449
728264963,11133964
728516110,37318140
728533186,29280751
728624770,6572674
730145244,29059375
730534922,23804872
730785442,36414569
730798238,21189632
731792366,39309788
732183753,23431685
732279526,23770824
732966999,11535215
733406971,33279196
733432976,22118717
733592106,7666908
733612060,15952913
733747579,35606181
733964800,38353670
734576042,31424003
735446843,27987835
735643668,30377712
736340254,22485526
737499853,50924037
737634444,14800549
737865157,21695993
737911371,8653706
738420035,14959558
738541210,10297956
738828742,30969534
738831382,9311511
738981862,25734537
739032019,24427804
739056634,20119080
739152196,25454787
739166321,7612513
739177337,17846568
739433136,6092843
739921517,35177605
740159625,16580466
740333059,7025955
740873186,25019850
74205498,22876564
742112668,30261759
743212389,22152789
743750398,36037931
743780663,41344739
743967179,33754844
744248278,9040491
744429124,4782549
74446418,19190412
744672527,27334327
745584428,37184549
745833075,30270902
746463163,30875461
746610732,19816318
746709172,25624948
746808252,10274645
747006133,39097462
747151025,15541374
748317851,18924446
749864100,25764344
750436950,25819889
75096270,29546529
751220642,25105125
751564815,33379863
751660661,16512925
753167235,23878248
753479292,36063402
75464333,26159811
754671748,13454077
755399254,20093258
757210736,24490257
757229442,12851901
757249530,4773113
758998850,17364599
759238783,36143294
75963900,17625176
760818742,40523172
761245986,27071077
762057975,29521763
762138217,25074519
762441093,33849739
762469354,43921402
76248049,6069321
762501976,30876033
762802287,11347944
763399656,45311315
763412178,12579834
764592471,38004687
765116390,36181739
765173266,2810163
765224352,30349452
765388699,5227723
765687413,22959492
766124910,32590947
766202079,29329868
766337533,45407385
766739031,18353057
767529410,15344689
767647284,36434352
768744818,33157131
769004776,29977419
769353991,21225331
769421932,22667614
769716639,25297353
76993562,1037195
769998386,18301921
770206605,45737205
770234713,10386875
770323981,24166347
770677681,24070570
770729323,14641263
771072361,15313257
771136745,35069084
771430463,15521677
772100527,26866620
772270326,7914909
772722335,31865798
773069438,19464303
773264874,38200561
773697018,26297803
775397964,30853340
77595713,33425602
776266493,34347575
776350546,21575611
777658980,40365760
77798017,23412862
77854924,18098903
779616322,4399888
779657796,26673957
780886026,45410855
782147700,22601136
782265140,34539992
782387760,13139194
782520545,6492849
782828747,24456532
782907536,33209174
783881111,41616074
784075537,40000211
784274474,27516417
784363033,3760232
784562384,16112214
785130595,27933513
785495361,24960996
786352679,38892119
786584481,13415694
786626858,41964019
78691384,29406938
786985123,46298735
786987780,29003954
7873707,19372692
787991914,19282555
788425745,32904785
788570512,28452614
788841127,31386977
788996498,14381049
789035510,40144406
789231829,28156845
789418909,12763123
789491002,23881747
789558666,12808459
789985701,23506769
790080592,24078045
790154837,26074554
790990371,29527768
791154774,37619676
791294581,33134111
791309697,19197118
792226008,13256690
79229424,35522491
792358249,29947602
792431423,40821511
792482742,40588869
793266230,46509040
793689486,24640315
794549235,23525915
795021119,15622035
795060635,37526192
795173140,39091892
795714457,15617131
795720720,18871906
795919811,34004013
796327850,2747047
796691823,22048307
7974921,23646662
797565206,26217677
797705280,13106949
79788076,33412736
798471705,20798285
798788267,25002662
799724217,27379706
800033622,22664762
800146175,746019
800663307,18592070
80128958,31826906
80182473,38512528
802013794,30600809
802516447,8563091
803075067,34172785
803248171,34666966
803313602,14067734
803452652,18040725
803565075,28296500
803684433,36988240
803694340,22519096
804423051,10297612
804510450,37780952
804726806,30405923
804757084,25040797
804816280,19730968
80520828,26506470
805800861,25273095
806115854,30576480
806195511,32806651
806952878,28142402
80878937,32220804
809229362,12507429
809794116,37704044
810606105,10064266
81077420,16526989
811936110,4918251
812431634,16444621
812504494,22230632
813456354,28193280
813770110,20485236
814532752,25965838
816469330,32756653
817368728,17911160
817419663,24470956
818745135,15444333
81919033,35713927
82002379,30041091
820556746,1979150
82083822,36407659
821432920,16617334
823304341,44365233
82393996,31566139
824171365,15318123
825473294,45055544
825599858,19784356
82598279,23273270
826404997,32365048
826873394,15444912
826960749,33276231
827256751,8410194
82780278,26780472
828055854,24499819
828410838,30628603
829021178,24428540
829203170,31197006
829242110,37752729
829372910,27645554
830225602,31809227
830585035,25968998
830766852,15495997
831197278,19047981
831582761,6909427
831662462,13810669
831790523,23715125
832114783,27559640
832200317,17937836
832898657,13393980
832906312,22080929
832911243,37777965
833277203,28611374
833533222,43850393
833566638,42693796
833791466,27645165
834080153,22713856
835761629,26902070
836037627,16773403
836120132,13474726
83637460,34104225
836695247,26484023
837714708,10554364
837799456,20706700
838534055,25864292
838665652,26324681
839159048,25702595
839379496,5563335
839626541,35133606
840111436,33904297
840597788,22841611
840893892,30304524
841139927,28686551
841404878,26292321
841601279,40629150
841881642,16903460
841977836,21275058
842068125,23878233
842952211,37271972
843087972,24065593
843609477,16812007
843661980,15035801
845745237,13624399
845771247,22433020
846589870,41102827
846744181,36485843
847443692,42437960
848095710,20685165
848387591,39713467
849013877,43324650
84914004,34896394
849612848,30047301
850248956,30037381
850332425,16950393
850397684,24910066
850487530,5586307
851112541,34523570
851449262,21607257
852811658,35207038
852999346,11210765
853074699,31752375
853135326,31931434
853592921,23996153
853693902,34683066
854148244,33197137
854805424,8690756
855376433,34768369
85572606,13942715
855797438,14410272
856432538,8648778
856548783,28247528
858346123,16661537
858369576,18091935
85896253,7474753
858996605,31276053
859056629,17192117
860153809,22274160
860288,13576733
860384929,22337738
861038294,48945752
861733112,22785403
861774531,15075762
86227930,6005054
862650959,4381117
862803892,26719253
862820025,49134176
863759909,12130513
864108688,9446673
86469776,30285327
865103237,13638001
865105594,26061525
865454576,24603291
866152378,12736487
86715791,29762784
867348527,31197379
867963258,20362159
868098168,23934862
86876337,30801637
868971202,18694808
869012352,31958805
869834621,18796940
871041901,26173143
87150975,15561616
871669460,41552996
871806722,704383
872010061,27667528
872439550,16954408
872670757,29042317
873475199,14863195
873833771,34237543
874026157,3293930
874290922,21422057
874843071,27776265
875009741,24277781
875149448,3884825
87667667,29433391
876859747,24503406
877657218,31284427
878567731,35363297
879018791,11078230
879206669,23983367
879769410,14767556
879890546,15316315
880035963,27277222
88044166,29951063
880732047,27096291
881688715,38487432
882513839,29341775
883117492,35083868
883647784,15531762
884063619,40841450
885485944,20268719
886269961,17326389
886429485,5415970
887141332,27026921
887196696,31512028
887534478,11750572
887950088,48291581
888038952,26779002
888160053,21391017
888261646,27745215
888587347,13751385
888807075,17509659
889325006,32639164
8898882,41468846
89137752,28644893
892360563,22539336
892510845,29403388
892611192,27382369
893068464,15118025
893832586,27048585
89401161,38044391
894222453,9643727
894451685,14910507
894546161,30812862
894657888,16334744
894894205,31733265
895097268,31133545
895223493,29426501
895330083,23112917
895873357,25995882
896964180,22152208
897209255,30698593
897392908,25230012
898658420,21353492
898737455,16928288
898958179,18861221
899236930,21033004
900589615,10626385
901530176,30576147
902806546,20544466
903980536,35700774
903995114,9281258
904100228,9828942
904171255,29024252
904186687,31755220
904364008,39455559
90519942,30552831
905552224,29512409
905796118,39163669
907406308,32450920
907551613,23789411
907590804,30970676
907622973,7425386
907638397,40336953
908386394,29071206
908891261,28216378
909234048,5131720
909329074,22857647
909523960,26242562
909558361,22960443
909893398,35959366
910761862,17443345
910991764,4125772
911096051,12551048
911674118,8633796
912022606,29100290
912650492,27557447
913422950,15437634
914253765,24733348
914332630,18184371
915222064,13329822
916318522,35059660
916486479,43600006
9165248,33254558
916642023,27382563
916716032,32156891
917809446,6726267
91840882,9946256
918796208,27078071
919097664,11935689
919268766,19723433
919286913,6695567
919396024,30525609
920228282,20422427
920981063,32686634
92101527,24975919
921049132,36116777
921110033,27790556
921604428,27363105
92161345,14698265
921680490,36249197
922141654,16131195
922470018,23858067
922559540,24675500
923552496,27129791
924864353,-475015
924930242,34569387
925284393,24728406
925330007,29987791
9257549,34204035
92595112,25971689
926132572,27794538
927335779,20251314
928108227,29910435
928575366,22882828
929039412,35436526
929146984,33117854
929460995,46880102
929686027,10650227
92969561,10728574
930407677,3452338
931169027,24929375
93130501,29178608
931996112,5688713
932111221,13140513
932220519,23621370
932704587,18939217
933014297,27161811
933447260,28387361
933459350,24691993
934253327,24492596
934683322,12533779
935317037,27528519
935633255,30143104
935947562,21763650
935979331,25445806
936112261,27718521
936156342,11419468
93645337,22497860
936606331,16462231
937159886,24178717
937339161,16565056
938314546,32271560
938703974,20246841
938790217,33872642
938925165,28984705
939059785,10487142
939271591,19919229
939371377,38831361
939884834,30581913
941679734,30665924
941881769,32294903
941956643,12610416
942573033,31172896
943146683,25963360
94316167,32639452
943211267,40764079
944197169,19576741
945792830,3748069
94610879,17900939
946277816,26151086
946870404,27218939
947537520,49263625
948018719,38317557
948098907,32389573
949824611,18951898
949966037,11556112
950058375,33080573
950555280,13232573
950943018,30503040
951055471,35963527
951925053,18776195
951925169,24244682
952853969,29577357
952890580,24373973
953184598,26536162
954107373,28819852
954192065,42243049
954642155,31961370
954693127,19117106
954980699,23030959
955142815,39825548
955629874,30709781
955783283,1674052
956090756,47214069
956150342,17410107
956399703,23785589
956485344,29170928
956740065,14462161
957159587,32587030
957392789,24082264
957895748,15014243
958645405,4707853
958742619,8905528
958884312,8325219
959362719,19606467
959540478,28921341
959565650,2152855
961444972,40122014
961467028,20222663
962930883,15887553
96326337,30228042
963700576,23503104
963879097,32817797
964743728,24876059
965465651,33628848
965477863,30625847
96603778,20797861
966319983,4173746
967143426,11961853
967209543,22103916
967707155,26611320
968166472,20966879
968459472,13243729
96932117,32737011
970349147,33375362
970365099,36438608
971384298,12156601
971806068,40280954
972026793,20462356
972612114,33214361
972707061,35238026
972862949,41086054
972880937,10339096
974071693,34185211
974803775,28174976
975227813,9353519
97549718,36430467
975765676,42601434
976096225,27586312
977019835,7085458
977069879,22801806
978068035,25069795
97827749,24964459
979002486,30670161
979909839,26885868
980327411,23904490
980434852,21805491
980673729,15219894
980720229,25461291
981231524,23969756
982502730,28691038
983288274,14274298
983938571,26592865
984514246,38273863
984566771,9555853
984750747,16522245
984887289,10035070
985538416,33694770
985937437,15362423
986016887,22285170
987007987,27574903
98762415,48514178
989089141,13778477
989199033,19104154
989224901,14474285
989371228,31261816
989967752,32489264
990500059,39404051
990683783,26462548
991269912,25061053
991366096,12320811
991653568,9343814
991785030,17792649
992399759,14091288
99245495,19085507
992606804,15719856
993635540,28395161
993854483,15329069
994270189,13716763
994432064,35925664
995198002,24145000
995552581,34160870
996465465,22781929
996644458,38654652
996704281,30670532
997630809,15233233
998072137,18327761
998136924,34656686
99975682,32795137
